Comparison,Test_Type,t_stat,p_value,Cohen_d,Mean_1,Mean_2,Mean_diff
Normal vs Restricted,Paired,inf,0.0,inf,137.48,122.48,15.0
Male vs Female,Independent,-2.0946548132902727,0.0387810287892963,-0.4189309626580546,128.38,131.58,-3.200000000000017
Athletic vs Normal,Independent,0.2049721887261429,0.838018992893967,0.040994437745228575,130.14,129.82,0.3199999999999932
